Car Url,Location,Views
https://auto.8891.com.tw/usedauto-infos-3991984.html?display__sale_code=3010013&flow_id=46f14f6a-793f-47d3-81c7-14f23623f355,新竹縣,165次瀏覽
https://auto.8891.com.tw/usedauto-infos-3653816.html?display__sale_code=3010013&flow_id=ce849a21-4a29-42d9-994a-ca0cad3fe1ac,新竹市,12571次瀏覽
https://auto.8891.com.tw/usedauto-infos-3963668.html?display__sale_code=3010013&flow_id=bf0ca1e4-5f13-4680-bf69-e66578e550fd,台北市,946次瀏覽
https://auto.8891.com.tw/usedauto-infos-3992474.html?display__sale_code=3012001&flow_id=13ee8701-0be9-4a7c-9eaa-a1483a6edb2f,高雄市,29次瀏覽
https://auto.8891.com.tw/usedauto-infos-3979220.html?display__sale_code=3012001&flow_id=8f9c4288-8b24-4cff-9a09-80acc2815f37,台北市,811次瀏覽
https://auto.8891.com.tw/usedauto-infos-3993723.html?display__sale_code=3012001&flow_id=3bc20d2e-ec16-468f-8b24-0fe4734c397c,桃園市,19次瀏覽
https://auto.8891.com.tw/usedauto-infos-3948233.html?display__sale_code=3012001&flow_id=0e84b5a6-ab19-4eea-8f87-c0b00a66c159,台北市,3310次瀏覽
https://auto.8891.com.tw/usedauto-infos-3976663.html?display__sale_code=3012001&flow_id=3f108b17-192e-4106-8823-969816948f82,桃園市,774次瀏覽
https://auto.8891.com.tw/usedauto-infos-3993121.html?display__sale_code=3012001&flow_id=a8d45b7a-26f9-4efb-9829-23f9a2f8af74,台北市,118次瀏覽
https://auto.8891.com.tw/usedauto-infos-3988474.html?display__sale_code=3012001&flow_id=29b7a6cb-f377-4a0e-8d32-f265349581cb,台北市,478次瀏覽
https://auto.8891.com.tw/usedauto-infos-3988627.html?display__sale_code=3012001&flow_id=cc1bc601-4349-4b34-95a1-576df14a3c97,台北市,426次瀏覽
https://auto.8891.com.tw/usedauto-infos-3989901.html?display__sale_code=3012001&flow_id=13021f55-283f-4a0c-8db7-90947b7d958c,台北市,316次瀏覽
https://auto.8891.com.tw/usedauto-infos-3984964.html?display__sale_code=3012001&flow_id=91dfdbd9-4db1-4ada-a8a3-dd9ef5c45475,台北市,379次瀏覽
https://auto.8891.com.tw/usedauto-infos-3985753.html?display__sale_code=3012001&flow_id=f185217d-675d-4919-b7f7-1d39fcc84f60,台北市,356次瀏覽
https://auto.8891.com.tw/usedauto-infos-3978821.html?display__sale_code=3012001&flow_id=e6523fd6-9a0d-4ff4-b705-940d93bfc61e,台北市,2018次瀏覽
https://auto.8891.com.tw/usedauto-infos-3975034.html?display__sale_code=3012001&flow_id=78cd4e5c-cfce-4de1-92bd-9b7c2ae74733,台北市,366次瀏覽
https://auto.8891.com.tw/usedauto-infos-3968907.html?display__sale_code=3012001&flow_id=814a5265-059a-4206-b061-d99559eb3645,台北市,1873次瀏覽
https://auto.8891.com.tw/usedauto-infos-3974190.html?display__sale_code=3012001&flow_id=d29c0c3e-57ea-4240-b774-dd74c174abc3,台北市,726次瀏覽
https://auto.8891.com.tw/usedauto-infos-3990852.html?display__sale_code=3012001&flow_id=2adb6031-2a1b-4e35-828c-df6092d5b122,高雄市,80次瀏覽
https://auto.8891.com.tw/usedauto-infos-3990291.html?display__sale_code=3012001&flow_id=2d17acca-bba7-425e-af80-041ca93c40cf,台北市,791次瀏覽
https://auto.8891.com.tw/usedauto-infos-3988112.html?display__sale_code=3012001&flow_id=492f3da9-0c8a-488c-95df-1256311243fa,新北市,589次瀏覽
https://auto.8891.com.tw/usedauto-infos-3987652.html?display__sale_code=3012001&flow_id=e0dcf9bd-7116-4ab7-8332-4780633d17f3,高雄市,204次瀏覽
https://auto.8891.com.tw/usedauto-infos-3986331.html?display__sale_code=3012001&flow_id=094f588e-2390-45ad-86fd-34c96a17fc62,桃園市,437次瀏覽
https://auto.8891.com.tw/usedauto-infos-3983943.html?display__sale_code=3012001&flow_id=2409f7f8-e147-4ce0-88a9-2e0db970207f,新北市,414次瀏覽
https://auto.8891.com.tw/usedauto-infos-3982003.html?display__sale_code=3012001&flow_id=2967f903-d241-4067-85c2-8e08b81d51f1,台北市,303次瀏覽
https://auto.8891.com.tw/usedauto-infos-3965972.html?display__sale_code=&flow_id=ecd63cb0-6625-4d8c-a4e6-2931b608731e,台北市,496次瀏覽
https://auto.8891.com.tw/usedauto-infos-3968637.html?display__sale_code=&flow_id=2cd6bd44-12a1-4a26-845f-aada5fa34010,台中市,1135次瀏覽
https://auto.8891.com.tw/usedauto-infos-3973034.html?display__sale_code=3012001&flow_id=b561215b-cffd-4564-94eb-c2fb4058cf1c,新北市,683次瀏覽
https://auto.8891.com.tw/usedauto-infos-3965000.html?display__sale_code=3012001&flow_id=4438cc55-2ca9-4be4-ad35-7acf61842b9f,新北市,743次瀏覽
https://auto.8891.com.tw/usedauto-infos-3970680.html?display__sale_code=3012001&flow_id=1030d96e-fbf4-46df-b893-d4c4d189f4b5,台北市,571次瀏覽
https://auto.8891.com.tw/usedauto-infos-3961134.html?display__sale_code=3012001&flow_id=58ff29ee-a21b-48ba-9a02-f3699dad948a,高雄市,349次瀏覽
https://auto.8891.com.tw/usedauto-infos-3963546.html?display__sale_code=&flow_id=d1a48313-ce4a-4083-b69a-d8f88a61f137,新北市,262次瀏覽
https://auto.8891.com.tw/usedauto-infos-3962171.html?display__sale_code=3012001&flow_id=1708acbd-fb57-4589-8c10-d094089a1145,新北市,513次瀏覽
https://auto.8891.com.tw/usedauto-infos-3946861.html?display__sale_code=3012001&flow_id=450b18a5-3e29-4e83-a943-ee193b884b3c,台北市,994次瀏覽
https://auto.8891.com.tw/usedauto-infos-3899046.html?display__sale_code=3012001&flow_id=8918826f-afb5-4787-a7e3-afea0579cd31,新北市,1209次瀏覽
https://auto.8891.com.tw/usedauto-infos-3193054.html?display__sale_code=3012001&flow_id=40970f48-91dd-4278-b806-c0e537a9dd47,新北市,5812次瀏覽
https://auto.8891.com.tw/usedauto-infos-3818117.html?display__sale_code=3012001&flow_id=77cb7f29-ae8c-4f1d-b9b0-e17ea8007a5b,桃園市,1973次瀏覽
https://auto.8891.com.tw/usedauto-infos-3931248.html?display__sale_code=9005014&flow_id=4f514259-1ce7-4c30-939e-a5502c8f1ddf,新北市,2418次瀏覽
https://auto.8891.com.tw/usedauto-infos-3951717.html?display__sale_code=9005013&flow_id=5ee743b4-49f2-417b-8772-6d08cf999481,台中市,880次瀏覽
https://auto.8891.com.tw/usedauto-infos-3943708.html?display__sale_code=9005011&flow_id=998a4fa3-bcc8-47c0-9fd6-3d7cb920107c,桃園市,1289次瀏覽
https://auto.8891.com.tw/usedauto-infos-3898292.html?display__sale_code=9005011&flow_id=5f05c2de-98aa-4e3e-a06b-41e59a467a9e,台中市,1195次瀏覽
https://auto.8891.com.tw/usedauto-infos-3638373.html?display__sale_code=9005013&flow_id=4f40cb62-3551-414c-b469-e74a07935626,台北市,8386次瀏覽
https://auto.8891.com.tw/usedauto-infos-3985527.html?display__sale_code=9005011&flow_id=d50ec213-01a8-44fd-9120-ff5d217044fc,桃園市,407次瀏覽
https://auto.8891.com.tw/usedauto-infos-3965180.html?display__sale_code=9005011&flow_id=d259b625-2cb1-49b0-b77f-63656b54a6aa,新北市,211次瀏覽
https://auto.8891.com.tw/usedauto-infos-3853031.html?display__sale_code=9005011&flow_id=8568f80f-c7b1-476e-87a9-f1708d609815,高雄市,5330次瀏覽
https://auto.8891.com.tw/usedauto-infos-3989497.html?display__sale_code=9005013&flow_id=a2eb7f7e-f3a3-4a30-acf8-566bcb102a30,桃園市,331次瀏覽
https://auto.8891.com.tw/usedauto-infos-3980375.html?display__sale_code=9005013&flow_id=71d68bd4-3da0-4c81-9c76-a00022505057,桃園市,370次瀏覽
https://auto.8891.com.tw/usedauto-infos-3992545.html?display__sale_code=9005012&flow_id=5c41e39f-351a-4549-808e-38ff688f146e,台中市,16次瀏覽
https://auto.8891.com.tw/usedauto-infos-3986743.html?display__sale_code=9005012&flow_id=c0413407-0485-459a-9b36-0ef189681ce2,桃園市,196次瀏覽
https://auto.8891.com.tw/usedauto-infos-3947785.html?display__sale_code=9005012&flow_id=654a3846-5ecd-42c8-be52-aab81f053bbe,台中市,270次瀏覽
https://auto.8891.com.tw/usedauto-infos-3846375.html?display__sale_code=9005011&flow_id=707c4f59-3cec-4e0c-a318-18e1dd3bcdf2,高雄市,1525次瀏覽
https://auto.8891.com.tw/usedauto-infos-3847782.html?display__sale_code=9005011&flow_id=8697e364-2ea5-43d0-b1ce-6c2c4f3bb32a,高雄市,970次瀏覽
https://auto.8891.com.tw/usedauto-infos-3774760.html?display__sale_code=9005011&flow_id=653d3614-248d-4bb1-9c25-8d7749e61608,高雄市,1233次瀏覽
https://auto.8891.com.tw/usedauto-infos-3784573.html?display__sale_code=9005011&flow_id=430c94a4-41ab-4a4b-80f0-a2b3d4d7884a,高雄市,702次瀏覽
https://auto.8891.com.tw/usedauto-infos-3787155.html?display__sale_code=9005011&flow_id=ecc61e1d-30a5-4a09-86e6-901356570c0d,高雄市,1335次瀏覽
https://auto.8891.com.tw/usedauto-infos-3753862.html?display__sale_code=9005011&flow_id=b4416afe-7dca-4761-88d9-07063937139a,高雄市,1166次瀏覽
https://auto.8891.com.tw/usedauto-infos-3934965.html?display__sale_code=9005011&flow_id=19ebcf1a-c504-4bd8-8477-5baaacb3b218,高雄市,528次瀏覽
https://auto.8891.com.tw/usedauto-infos-3962316.html?display__sale_code=9005011&flow_id=17348674-d8a3-40d2-a4a8-14aa1be074fa,高雄市,140次瀏覽
https://auto.8891.com.tw/usedauto-infos-3962312.html?display__sale_code=9005011&flow_id=afb5d350-8ddb-4fbd-b98d-2d79b32c3002,高雄市,116次瀏覽
https://auto.8891.com.tw/usedauto-infos-3941154.html?display__sale_code=9005011&flow_id=c615dee6-b20e-42f4-b77e-7237c2aa6f1f,高雄市,221次瀏覽
https://auto.8891.com.tw/usedauto-infos-3920945.html?display__sale_code=9005011&flow_id=eaa32e1e-e19d-4276-b8ec-9d45eb8c0710,高雄市,536次瀏覽
https://auto.8891.com.tw/usedauto-infos-3831741.html?display__sale_code=9005011&flow_id=3b35bf43-3a65-4532-baab-5b7ed98fed00,高雄市,1774次瀏覽
https://auto.8891.com.tw/usedauto-infos-3974585.html?display__sale_code=9005011&flow_id=c019fd53-5995-4591-aa67-2cb211d22432,新北市,292次瀏覽
https://auto.8891.com.tw/usedauto-infos-3993664.html?display__sale_code=9005012&flow_id=35d95fac-a397-44e9-aa79-3e00c4a9b2be,桃園市,16次瀏覽
https://auto.8891.com.tw/usedauto-infos-3964803.html?display__sale_code=9005012&flow_id=2eff9a62-d2c5-4da4-918a-220a85a283c8,台中市,655次瀏覽
https://auto.8891.com.tw/usedauto-infos-3990458.html?display__sale_code=9005012&flow_id=d260cd6f-d90b-4253-bd54-6135ba2b0fd1,高雄市,55次瀏覽
https://auto.8891.com.tw/usedauto-infos-3975692.html?display__sale_code=9005011&flow_id=762108ac-542f-4eb3-a285-e7bb7beeebe4,新北市,286次瀏覽
https://auto.8891.com.tw/usedauto-infos-3962435.html?display__sale_code=9005012&flow_id=e484a4e5-fb74-4464-92bc-2eb12c4055c6,台中市,447次瀏覽
https://auto.8891.com.tw/usedauto-infos-3979160.html?display__sale_code=9005011&flow_id=1acd8a19-7e31-41b0-98a0-a71b9884715e,新北市,319次瀏覽
https://auto.8891.com.tw/usedauto-infos-3698493.html?display__sale_code=&flow_id=5dc816a1-f153-4081-a544-85675d9054a4,台北市,13次瀏覽
https://auto.8891.com.tw/usedauto-infos-3945736.html?display__sale_code=9005012&flow_id=0f708b30-1dbd-48c8-9561-43deba66d9f9,台南市,7152次瀏覽
https://auto.8891.com.tw/usedauto-infos-3955737.html?display__sale_code=9005012&flow_id=5c766578-e2b8-40d0-9571-872bb2d5bf89,桃園市,193次瀏覽
https://auto.8891.com.tw/usedauto-infos-3947364.html?display__sale_code=9005012&flow_id=2c6f25e0-fb14-46f7-b2dd-dfeb106943eb,桃園市,688次瀏覽
https://auto.8891.com.tw/usedauto-infos-3947431.html?display__sale_code=9005012&flow_id=64fefdbe-c2b2-4d89-afb6-1e775a68d2c7,桃園市,1282次瀏覽
https://auto.8891.com.tw/usedauto-infos-3987549.html?display__sale_code=9005012&flow_id=7b831950-3411-4657-ad6e-2dd6104b4cc6,桃園市,577次瀏覽
https://auto.8891.com.tw/usedauto-infos-3992883.html?display__sale_code=9005011&flow_id=c2462993-717e-4a09-bd5c-8bd8f89de267,台中市,36次瀏覽
https://auto.8891.com.tw/usedauto-infos-3918660.html?display__sale_code=9005013&flow_id=9d53c437-e706-45ab-9071-e5281b649264,台北市,3489次瀏覽
https://auto.8891.com.tw/usedauto-infos-3836597.html?display__sale_code=9005011&flow_id=c7491317-59c3-472e-8017-8de1656a1545,台中市,677次瀏覽
https://auto.8891.com.tw/usedauto-infos-3846379.html?display__sale_code=9005011&flow_id=1c9137ba-0796-4bd1-9a47-9e578a3b0152,台中市,440次瀏覽
https://auto.8891.com.tw/usedauto-infos-3847783.html?display__sale_code=9005011&flow_id=6e08c5a4-f2eb-4540-bf98-b30839586827,台中市,636次瀏覽
